Date,Distributeur,Merguez,Transalpine,ChèvreMiel,Reine,3Fromages,Marguerita,Pouletoignons,Légumesgrillés,test,dujour,testmano,Total,Froides,Invendues,Unnamed:16,Unnamed:17
01/01/2021,We Love Pizza 2 - Haine Saint Paul,1,3,1,6,2,6,0,0,0,0,0,19,7,0,0,
01/01/2021,We Love Pizza Gembloux,0,2,2,3,3,1,2,0,0,0,0,13,12,0,0,
01/01/2021,[Sélection],1,5,3,9,5,7,2,0,0,0,0,32,19,0,0,
02/01/2021,We Love Pizza 2 - Haine Saint Paul,3,1,2,3,4,4,4,2,0,0,0,23,4,30,1,
02/01/2021,We Love Pizza Gembloux,0,0,1,4,0,2,1,3,0,0,0,11,4,3,3,
02/01/2021,[Sélection],3,1,3,7,4,6,5,5,0,0,0,34,8,33,4,
03/01/2021,We Love Pizza 2 - Haine Saint Paul,1,0,1,2,2,0,0,1,0,0,0,7,0,10,4,
03/01/2021,We Love Pizza Gembloux,1,0,1,2,0,3,0,0,0,0,0,7,0,30,12,
03/01/2021,[Sélection],2,0,2,4,2,3,0,1,0,0,0,14,0,40,16,
04/01/2021,We Love Pizza 2 - Haine Saint Paul,1,3,1,1,0,4,1,1,0,0,0,12,6,0,0,
04/01/2021,We Love Pizza Gembloux,3,0,0,1,1,5,1,1,0,0,0,12,1,0,0,
04/01/2021,[Sélection],4,3,1,2,1,9,2,2,0,0,0,24,7,0,0,
05/01/2021,We Love Pizza 2 - Haine Saint Paul,4,2,1,2,0,10,0,2,0,0,0,21,5,0,0,
05/01/2021,We Love Pizza Gembloux,0,3,3,2,1,6,1,2,0,0,0,18,4,0,0,
05/01/2021,[Sélection],4,5,4,4,1,16,1,4,0,0,0,39,9,0,0,
06/01/2021,We Love Pizza 2 - Haine Saint Paul,3,2,2,1,0,6,1,0,0,0,0,15,7,0,0,
06/01/2021,We Love Pizza Gembloux,1,1,0,3,0,2,0,0,0,0,0,7,2,0,0,
06/01/2021,[Sélection],4,3,2,4,0,8,1,0,0,0,0,22,9,0,0,
07/01/2021,We Love Pizza 2 - Haine Saint Paul,2,1,0,1,2,2,3,2,0,0,0,13,3,27,8,
07/01/2021,We Love Pizza Gembloux,0,2,2,0,0,0,0,0,0,0,0,4,1,24,6,
07/01/2021,[Sélection],2,3,2,1,2,2,3,2,0,0,0,17,4,51,14,
08/01/2021,We Love Pizza 2 - Haine Saint Paul,3,0,1,0,2,2,1,1,0,0,0,10,2,0,0,
08/01/2021,We Love Pizza Gembloux,4,2,2,4,2,3,3,2,0,0,0,22,2,0,0,
08/01/2021,[Sélection],7,2,3,4,4,5,4,3,0,0,0,32,4,0,0,
09/01/2021,We Love Pizza 2 - Haine Saint Paul,1,1,1,7,2,6,3,1,1,0,0,23,0,0,0,
09/01/2021,We Love Pizza Gembloux,0,1,0,4,2,1,2,1,0,0,0,11,4,0,0,
09/01/2021,[Sélection],1,2,1,11,4,7,5,2,1,0,0,34,4,0,0,
10/01/2021,We Love Pizza 2 - Haine Saint Paul,4,4,1,2,2,0,2,1,0,0,0,16,1,1,1,
10/01/2021,We Love Pizza Gembloux,0,0,0,1,0,2,1,0,0,0,0,4,0,5,5,
10/01/2021,[Sélection],4,4,1,3,2,2,3,1,0,0,0,20,1,6,6,
11/01/2021,We Love Pizza 2 - Haine Saint Paul,1,0,0,6,0,2,2,3,0,0,0,14,3,0,0,
11/01/2021,We Love Pizza Gembloux,0,0,0,3,0,1,1,1,0,0,0,6,3,2,2,
11/01/2021,[Sélection],1,0,0,9,0,3,3,4,0,0,0,20,6,2,2,
12/01/2021,We Love Pizza 2 - Haine Saint Paul,1,0,2,1,2,4,1,0,0,0,0,11,4,0,0,
12/01/2021,We Love Pizza Gembloux,1,4,0,1,2,2,2,2,4,0,0,18,7,10,0,
12/01/2021,[Sélection],2,4,2,2,4,6,3,2,4,0,0,29,11,10,0,
13/01/2021,We Love Pizza 2 - Haine Saint Paul,3,3,1,1,3,7,2,0,0,0,0,20,3,1,2,
13/01/2021,We Love Pizza Gembloux,1,1,2,2,0,1,2,0,0,0,0,9,0,6,4,
13/01/2021,[Sélection],4,4,3,3,3,8,4,0,0,0,0,29,3,7,6,
14/01/2021,We Love Pizza 2 - Haine Saint Paul,0,1,0,1,0,0,0,0,0,0,0,2,0,0,0,
14/01/2021,We Love Pizza Gembloux,0,2,1,1,0,3,1,0,0,0,0,8,1,0,0,
14/01/2021,[Sélection],0,3,1,2,0,3,1,0,0,0,0,10,1,0,0,
15/01/2021,We Love Pizza 2 - Haine Saint Paul,3,1,1,3,2,0,1,1,0,0,0,12,0,3,3,
15/01/2021,We Love Pizza Gembloux,1,1,1,4,1,3,1,1,0,0,0,13,3,6,4,
15/01/2021,[Sélection],4,2,2,7,3,3,2,2,0,0,0,25,3,9,7,
16/01/2021,We Love Pizza 2 - Haine Saint Paul,0,1,0,1,1,1,1,0,0,0,0,5,0,6,6,
16/01/2021,We Love Pizza Gembloux,0,1,2,2,0,1,4,0,0,0,0,10,3,1,1,
16/01/2021,[Sélection],0,2,2,3,1,2,5,0,0,0,0,15,3,7,7,
17/01/2021,We Love Pizza 2 - Haine Saint Paul,3,3,0,7,2,7,2,2,0,0,0,26,6,1,1,
17/01/2021,We Love Pizza Gembloux,4,1,2,2,1,2,0,2,0,0,0,14,8,3,3,
17/01/2021,[Sélection],7,4,2,9,3,9,2,4,0,0,0,40,14,4,4,
18/01/2021,We Love Pizza 2 - Haine Saint Paul,2,0,0,1,2,5,2,0,0,0,0,12,2,2,2,
18/01/2021,We Love Pizza Gembloux,1,2,1,4,1,1,3,1,0,0,0,14,4,0,0,
18/01/2021,[Sélection],3,2,1,5,3,6,5,1,0,0,0,26,6,2,2,
19/01/2021,We Love Pizza 2 - Haine Saint Paul,2,2,1,2,0,3,2,0,0,0,0,12,0,1,1,
19/01/2021,We Love Pizza Gembloux,1,1,0,0,0,0,0,0,0,0,0,2,0,0,0,
19/01/2021,[Sélection],3,3,1,2,0,3,2,0,0,0,0,14,0,1,1,
20/01/2021,We Love Pizza 2 - Haine Saint Paul,0,1,0,2,1,2,1,0,0,0,0,7,0,9,0,
20/01/2021,We Love Pizza Gembloux,1,0,2,2,1,1,1,1,0,0,0,9,1,0,0,
20/01/2021,[Sélection],1,1,2,4,2,3,2,1,0,0,0,16,1,9,0,
21/01/2021,We Love Pizza 2 - Haine Saint Paul,1,1,0,1,2,1,0,0,0,0,0,6,2,2,2,
21/01/2021,We Love Pizza Gembloux,0,3,0,1,0,2,1,1,2,0,0,10,1,2,2,
21/01/2021,[Sélection],1,4,0,2,2,3,1,1,2,0,0,16,3,4,4,
22/01/2021,We Love Pizza 2 - Haine Saint Paul,1,0,2,3,3,4,1,0,0,0,0,14,3,3,3,
22/01/2021,We Love Pizza Gembloux,0,1,1,0,1,0,0,0,0,0,0,3,0,19,17,
22/01/2021,[Sélection],1,1,3,3,4,4,1,0,0,0,0,17,3,22,20,
23/01/2021,We Love Pizza 2 - Haine Saint Paul,3,3,2,2,2,3,3,1,0,0,0,19,4,0,0,
23/01/2021,We Love Pizza Gembloux,3,2,0,2,2,3,1,1,0,0,0,14,1,0,0,
23/01/2021,[Sélection],6,5,2,4,4,6,4,2,0,0,0,33,5,0,0,
24/01/2021,We Love Pizza 2 - Haine Saint Paul,1,2,0,1,1,3,1,0,0,0,0,9,2,0,0,
24/01/2021,We Love Pizza Gembloux,1,0,0,3,0,1,0,2,0,0,0,7,3,1,1,
24/01/2021,[Sélection],2,2,0,4,1,4,1,2,0,0,0,16,5,1,1,
25/01/2021,We Love Pizza 2 - Haine Saint Paul,4,2,1,2,0,4,2,1,0,0,0,16,2,0,0,
25/01/2021,We Love Pizza Gembloux,0,2,0,1,1,0,0,0,0,0,0,4,2,0,0,
25/01/2021,[Sélection],4,4,1,3,1,4,2,1,0,0,0,20,4,0,0,
26/01/2021,We Love Pizza 2 - Haine Saint Paul,1,1,1,3,1,1,1,0,0,0,0,9,0,0,0,
26/01/2021,We Love Pizza Gembloux,1,0,0,0,2,0,0,0,0,0,0,3,0,12,10,
26/01/2021,[Sélection],2,1,1,3,3,1,1,0,0,0,0,12,0,12,10,
27/01/2021,We Love Pizza 2 - Haine Saint Paul,2,2,0,2,2,2,1,0,0,0,0,11,0,3,3,
27/01/2021,We Love Pizza Gembloux,1,1,0,2,1,0,2,1,0,0,0,8,0,0,0,
27/01/2021,[Sélection],3,3,0,4,3,2,3,1,0,0,0,19,0,3,3,
28/01/2021,We Love Pizza 2 - Haine Saint Paul,2,0,1,2,2,4,1,1,0,0,0,13,3,0,0,
28/01/2021,We Love Pizza Gembloux,0,0,1,2,1,0,1,0,0,0,0,5,2,0,0,
28/01/2021,[Sélection],2,0,2,4,3,4,2,1,0,0,0,18,5,0,0,
29/01/2021,We Love Pizza 2 - Haine Saint Paul,3,3,0,3,1,6,4,1,0,0,0,21,3,0,0,
29/01/2021,We Love Pizza Gembloux,0,0,2,2,0,0,2,1,0,0,0,7,0,13,13,
29/01/2021,[Sélection],3,3,2,5,1,6,6,2,0,0,0,28,3,13,13,
30/01/2021,We Love Pizza 2 - Haine Saint Paul,1,2,0,2,0,3,0,1,0,0,0,9,3,0,0,
30/01/2021,We Love Pizza Gembloux,1,2,0,1,1,5,0,2,0,0,0,12,5,0,0,
30/01/2021,[Sélection],2,4,0,3,1,8,0,3,0,0,0,21,8,0,0,
31/01/2021,We Love Pizza 2 - Haine Saint Paul,1,0,0,1,1,0,0,0,0,0,0,3,0,2,2,
31/01/2021,We Love Pizza Gembloux,2,1,1,0,1,1,0,0,0,0,0,6,2,0,0,
31/01/2021,[Sélection],3,1,1,1,2,1,0,0,0,0,0,9,2,2,2,
01/02/2021,We Love Pizza 2 - Haine Saint Paul,1,0,0,0,1,3,0,0,0,0,0,5,0,0,0,
01/02/2021,We Love Pizza Gembloux,0,1,1,4,0,0,1,1,0,0,0,8,0,0,0,
01/02/2021,[Sélection],1,1,1,4,1,3,1,1,0,0,0,13,0,0,0,
02/02/2021,We Love Pizza 2 - Haine Saint Paul,0,1,2,1,2,1,0,1,0,0,0,8,2,12,11,
02/02/2021,We Love Pizza Gembloux,0,0,0,3,1,1,0,1,0,0,0,6,5,2,2,
02/02/2021,[Sélection],0,1,2,4,3,2,0,2,0,0,0,14,7,14,13,
03/02/2021,We Love Pizza 2 - Haine Saint Paul,0,0,0,1,1,0,2,0,0,0,0,4,1,0,0,
03/02/2021,We Love Pizza Gembloux,2,1,0,2,0,1,0,0,0,0,0,6,0,4,4,
03/02/2021,[Sélection],2,1,0,3,1,1,2,0,0,0,0,10,1,4,4,
04/02/2021,We Love Pizza 2 - Haine Saint Paul,2,1,1,3,0,2,1,0,0,0,0,10,1,0,0,
04/02/2021,We Love Pizza Gembloux,1,0,1,1,2,0,3,1,0,0,0,9,2,0,0,
04/02/2021,[Sélection],3,1,2,4,2,2,4,1,0,0,0,19,3,0,0,
05/02/2021,We Love Pizza 2 - Haine Saint Paul,3,2,2,2,3,5,2,0,0,0,0,19,6,0,0,
05/02/2021,We Love Pizza Gembloux,1,1,0,3,0,2,1,1,1,0,0,10,0,5,5,
05/02/2021,[Sélection],4,3,2,5,3,7,3,1,1,0,0,29,6,5,5,
06/02/2021,We Love Pizza 2 - Haine Saint Paul,1,2,1,3,0,0,1,1,0,0,0,9,3,0,0,
06/02/2021,We Love Pizza Gembloux,2,3,0,1,0,2,2,0,0,0,0,10,1,0,0,
06/02/2021,[Sélection],3,5,1,4,0,2,3,1,0,0,0,19,4,0,0,
07/02/2021,We Love Pizza 2 - Haine Saint Paul,1,0,1,0,0,2,1,0,0,0,0,5,1,0,0,
07/02/2021,We Love Pizza Gembloux,0,1,2,1,2,2,2,1,0,0,0,11,4,0,0,
07/02/2021,[Sélection],1,1,3,1,2,4,3,1,0,0,0,16,5,0,0,
08/02/2021,We Love Pizza 2 - Haine Saint Paul,2,0,0,0,1,1,1,0,0,0,0,5,0,2,2,
08/02/2021,We Love Pizza Gembloux,1,0,1,0,0,1,2,0,0,0,0,5,0,0,0,
08/02/2021,[Sélection],3,0,1,0,1,2,3,0,0,0,0,10,0,2,2,
09/02/2021,We Love Pizza 2 - Haine Saint Paul,1,2,0,1,0,2,2,0,0,0,0,8,1,0,0,
09/02/2021,We Love Pizza Gembloux,0,1,0,2,1,0,0,0,0,0,0,4,0,7,0,
09/02/2021,[Sélection],1,3,0,3,1,2,2,0,0,0,0,12,1,7,0,
10/02/2021,We Love Pizza 2 - Haine Saint Paul,1,0,0,0,1,1,0,0,2,0,0,5,2,3,3,
10/02/2021,We Love Pizza Gembloux,1,3,0,0,1,0,2,2,0,0,0,9,3,1,1,
10/02/2021,[Sélection],2,3,0,0,2,1,2,2,2,0,0,14,5,4,4,
11/02/2021,We Love Pizza 2 - Haine Saint Paul,2,1,3,3,2,2,0,0,0,0,0,13,2,0,0,
11/02/2021,We Love Pizza Gembloux,2,0,3,0,0,3,0,0,0,0,0,8,0,0,0,
11/02/2021,[Sélection],4,1,6,3,2,5,0,0,0,0,0,21,2,0,0,
12/02/2021,We Love Pizza 2 - Haine Saint Paul,3,2,2,3,1,2,0,0,0,0,0,13,0,2,2,
12/02/2021,We Love Pizza Gembloux,0,3,1,0,0,0,2,0,0,0,0,6,1,8,8,
12/02/2021,[Sélection],3,5,3,3,1,2,2,0,0,0,0,19,1,10,10,
13/02/2021,We Love Pizza 2 - Haine Saint Paul,0,1,0,2,1,3,1,2,0,0,0,10,2,3,2,
13/02/2021,We Love Pizza Gembloux,0,3,0,1,0,2,1,0,0,0,0,7,3,0,0,
13/02/2021,[Sélection],0,4,0,3,1,5,2,2,0,0,0,17,5,3,2,
14/02/2021,We Love Pizza 2 - Haine Saint Paul,1,0,0,2,1,2,2,1,0,0,0,9,4,0,0,
14/02/2021,We Love Pizza Gembloux,0,0,2,2,0,3,2,1,0,0,0,10,5,0,0,
14/02/2021,[Sélection],1,0,2,4,1,5,4,2,0,0,0,19,9,0,0,
15/02/2021,We Love Pizza 2 - Haine Saint Paul,0,0,0,1,2,0,0,0,0,0,0,3,0,0,0,
15/02/2021,We Love Pizza Gembloux,1,1,1,0,0,0,1,0,0,0,0,4,0,12,7,
15/02/2021,[Sélection],1,1,1,1,2,0,1,0,0,0,0,7,0,12,7,
16/02/2021,We Love Pizza 2 - Haine Saint Paul,1,2,1,0,0,3,0,0,0,0,0,7,0,6,6,
16/02/2021,We Love Pizza Gembloux,2,0,0,0,0,0,2,2,0,0,0,6,1,0,0,
16/02/2021,[Sélection],3,2,1,0,0,3,2,2,0,0,0,13,1,6,6,
17/02/2021,We Love Pizza 2 - Haine Saint Paul,2,0,1,5,2,5,2,1,0,0,0,18,5,0,0,
17/02/2021,We Love Pizza Gembloux,1,1,1,0,1,1,1,0,0,0,0,6,4,3,0,
17/02/2021,[Sélection],3,1,2,5,3,6,3,1,0,0,0,24,9,3,0,
18/02/2021,We Love Pizza 2 - Haine Saint Paul,1,0,2,1,1,2,2,1,1,0,0,11,0,3,3,
18/02/2021,We Love Pizza Gembloux,1,2,0,2,1,1,0,0,0,0,0,7,2,8,7,
18/02/2021,[Sélection],2,2,2,3,2,3,2,1,1,0,0,18,2,11,10,
19/02/2021,We Love Pizza 2 - Haine Saint Paul,0,1,1,3,0,3,0,0,0,0,0,8,2,0,0,
19/02/2021,We Love Pizza Gembloux,3,0,2,2,1,2,3,1,0,0,0,14,4,6,6,
19/02/2021,[Sélection],3,1,3,5,1,5,3,1,0,0,0,22,6,6,6,
20/02/2021,We Love Pizza 2 - Haine Saint Paul,2,1,0,1,2,2,2,1,0,0,0,11,0,0,0,
20/02/2021,We Love Pizza Gembloux,0,0,0,4,0,3,1,0,0,0,0,8,0,0,0,
20/02/2021,[Sélection],2,1,0,5,2,5,3,1,0,0,0,19,0,0,0,
21/02/2021,We Love Pizza 2 - Haine Saint Paul,1,0,0,2,0,3,2,0,0,0,0,8,0,0,0,
21/02/2021,We Love Pizza Gembloux,4,0,3,3,2,4,2,1,0,0,0,19,5,0,0,
21/02/2021,[Sélection],5,0,3,5,2,7,4,1,0,0,0,27,5,0,0,
22/02/2021,We Love Pizza 2 - Haine Saint Paul,2,0,0,1,0,1,0,0,0,0,0,4,3,5,5,
22/02/2021,We Love Pizza Gembloux,0,0,0,1,0,1,0,0,0,0,0,2,0,0,0,
22/02/2021,[Sélection],2,0,0,2,0,2,0,0,0,0,0,6,3,5,5,
23/02/2021,We Love Pizza 2 - Haine Saint Paul,1,2,1,2,2,3,3,1,0,0,0,15,2,0,0,
23/02/2021,We Love Pizza Gembloux,0,2,1,2,2,3,2,0,0,0,0,12,3,3,2,
23/02/2021,[Sélection],1,4,2,4,4,6,5,1,0,0,0,27,5,3,2,
24/02/2021,We Love Pizza 2 - Haine Saint Paul,0,0,1,5,2,2,1,0,0,0,0,11,1,6,5,
24/02/2021,We Love Pizza Gembloux,0,0,0,1,0,0,0,0,0,0,0,1,0,0,0,
24/02/2021,[Sélection],0,0,1,6,2,2,1,0,0,0,0,12,1,6,5,
25/02/2021,We Love Pizza 2 - Haine Saint Paul,3,2,0,0,0,4,3,2,0,0,0,14,1,0,0,
25/02/2021,We Love Pizza Gembloux,1,0,0,5,0,2,2,1,0,0,0,11,3,0,0,
25/02/2021,[Sélection],4,2,0,5,0,6,5,3,0,0,0,25,4,0,0,
26/02/2021,We Love Pizza 2 - Haine Saint Paul,1,0,0,0,0,1,0,2,0,0,0,4,0,0,0,
26/02/2021,We Love Pizza Gembloux,1,1,5,0,3,1,4,2,0,1,0,18,8,4,4,
26/02/2021,[Sélection],2,1,5,0,3,2,4,4,0,1,0,22,8,4,4,
27/02/2021,We Love Pizza 2 - Haine Saint Paul,0,1,0,1,0,3,2,0,0,0,0,7,1,0,0,
27/02/2021,We Love Pizza Gembloux,2,1,1,1,2,6,0,0,0,0,0,13,2,0,0,
27/02/2021,[Sélection],2,2,1,2,2,9,2,0,0,0,0,20,3,0,0,
28/02/2021,We Love Pizza 2 - Haine Saint Paul,1,0,1,3,1,3,0,0,0,0,0,9,3,6,6,
28/02/2021,We Love Pizza Gembloux,1,3,0,2,1,0,4,1,0,0,0,12,2,1,1,
28/02/2021,[Sélection],2,3,1,5,2,3,4,1,0,0,0,21,5,7,7,
01/03/2021,We Love Pizza 2 - Haine Saint Paul,1,2,0,3,1,2,0,2,0,0,0,11,2,0,0,
01/03/2021,We Love Pizza Gembloux,3,0,1,0,1,2,1,1,0,0,0,9,3,0,0,
01/03/2021,[Sélection],4,2,1,3,2,4,1,3,0,0,0,20,5,0,0,
02/03/2021,We Love Pizza 2 - Haine Saint Paul,0,2,1,2,0,3,2,1,0,0,0,11,1,4,4,
02/03/2021,We Love Pizza Gembloux,0,0,0,2,2,1,0,0,0,0,0,5,0,1,1,
02/03/2021,[Sélection],0,2,1,4,2,4,2,1,0,0,0,16,1,5,5,
03/03/2021,We Love Pizza 2 - Haine Saint Paul,1,2,1,1,1,1,1,0,0,0,0,8,3,0,0,
03/03/2021,We Love Pizza Gembloux,0,2,0,1,0,2,1,3,0,0,0,9,5,2,2,
03/03/2021,[Sélection],1,4,1,2,1,3,2,3,0,0,0,17,8,2,2,
04/03/2021,We Love Pizza 2 - Haine Saint Paul,3,0,0,0,2,2,3,2,0,0,0,12,1,0,0,
04/03/2021,We Love Pizza Gembloux,0,1,0,0,0,1,0,0,0,0,0,2,0,0,0,
04/03/2021,[Sélection],3,1,0,0,2,3,3,2,0,0,0,14,1,0,0,
05/03/2021,We Love Pizza 2 - Haine Saint Paul,0,1,0,3,2,3,1,0,0,0,0,10,0,5,5,
05/03/2021,We Love Pizza Gembloux,4,2,1,3,2,2,2,2,0,0,0,18,10,3,3,
05/03/2021,[Sélection],4,3,1,6,4,5,3,2,0,0,0,28,10,8,8,
06/03/2021,We Love Pizza 2 - Haine Saint Paul,2,3,0,1,0,2,1,1,0,0,0,10,2,0,0,
06/03/2021,We Love Pizza Gembloux,1,3,1,4,1,3,1,0,0,0,0,14,2,0,0,
06/03/2021,[Sélection],3,6,1,5,1,5,2,1,0,0,0,24,4,0,0,
07/03/2021,We Love Pizza 2 - Haine Saint Paul,3,2,2,4,1,3,2,0,0,0,0,17,3,2,2,
07/03/2021,We Love Pizza Gembloux,1,3,1,4,1,3,0,1,0,0,0,14,6,1,1,
07/03/2021,[Sélection],4,5,3,8,2,6,2,1,0,0,0,31,9,3,3,
08/03/2021,We Love Pizza 2 - Haine Saint Paul,2,3,1,6,2,4,1,0,0,0,0,19,3,0,0,
08/03/2021,We Love Pizza Gembloux,0,0,2,1,0,1,3,0,0,0,0,7,1,0,0,
08/03/2021,[Sélection],2,3,3,7,2,5,4,0,0,0,0,26,4,0,0,
09/03/2021,We Love Pizza 2 - Haine Saint Paul,1,1,1,3,2,1,1,0,0,0,0,10,3,0,0,
09/03/2021,We Love Pizza Gembloux,0,1,0,1,0,3,1,0,0,0,0,6,0,0,0,
09/03/2021,[Sélection],1,2,1,4,2,4,2,0,0,0,0,16,3,0,0,
10/03/2021,We Love Pizza 2 - Haine Saint Paul,1,1,1,1,2,3,1,1,0,0,0,11,1,7,7,
10/03/2021,We Love Pizza Gembloux,1,2,0,3,1,0,0,3,0,0,0,10,5,6,6,
10/03/2021,[Sélection],2,3,1,4,3,3,1,4,0,0,0,21,6,13,13,
11/03/2021,We Love Pizza 2 - Haine Saint Paul,0,2,1,0,0,4,2,0,0,0,0,9,0,0,0,
11/03/2021,We Love Pizza Gembloux,0,0,1,0,0,2,0,0,0,0,0,3,1,0,0,
11/03/2021,[Sélection],0,2,2,0,0,6,2,0,0,0,0,12,1,0,0,
12/03/2021,We Love Pizza 2 - Haine Saint Paul,2,1,2,2,2,7,5,2,0,0,0,23,1,0,0,
12/03/2021,We Love Pizza Gembloux,3,3,1,3,2,2,2,1,0,0,0,17,4,2,2,
12/03/2021,[Sélection],5,4,3,5,4,9,7,3,0,0,0,40,5,2,2,
13/03/2021,We Love Pizza 2 - Haine Saint Paul,2,2,1,1,2,6,2,0,0,0,0,16,3,5,5,
13/03/2021,We Love Pizza Gembloux,1,1,1,2,0,3,1,0,0,0,0,9,2,0,0,
13/03/2021,[Sélection],3,3,2,3,2,9,3,0,0,0,0,25,5,5,5,
14/03/2021,We Love Pizza 2 - Haine Saint Paul,2,1,1,5,0,4,3,1,0,0,0,17,5,0,0,
14/03/2021,We Love Pizza Gembloux,1,0,1,0,0,1,1,1,0,0,0,5,0,0,0,
14/03/2021,[Sélection],3,1,2,5,0,5,4,2,0,0,0,22,5,0,0,
15/03/2021,We Love Pizza 2 - Haine Saint Paul,0,2,1,2,0,5,1,1,0,0,0,12,4,0,0,
15/03/2021,We Love Pizza Gembloux,1,0,0,2,0,2,2,0,0,0,0,7,2,11,11,
15/03/2021,[Sélection],1,2,1,4,0,7,3,1,0,0,0,19,6,11,11,
16/03/2021,We Love Pizza 2 - Haine Saint Paul,1,1,0,2,0,0,1,1,0,0,0,6,0,2,0,
16/03/2021,We Love Pizza Gembloux,2,1,2,1,0,2,0,2,0,0,0,10,2,0,0,
16/03/2021,[Sélection],3,2,2,3,0,2,1,3,0,0,0,16,2,2,0,
17/03/2021,We Love Pizza 2 - Haine Saint Paul,0,2,0,0,1,4,0,1,0,0,0,8,2,3,3,
17/03/2021,We Love Pizza Gembloux,1,0,1,5,3,1,1,0,0,0,0,12,2,2,2,
17/03/2021,[Sélection],1,2,1,5,4,5,1,1,0,0,0,20,4,5,5,
18/03/2021,We Love Pizza 2 - Haine Saint Paul,0,2,0,0,0,2,1,1,0,0,0,6,1,0,0,
18/03/2021,We Love Pizza Gembloux,3,2,2,1,0,2,3,0,0,0,0,13,4,0,0,
18/03/2021,[Sélection],3,4,2,1,0,4,4,1,0,0,0,19,5,0,0,
19/03/2021,We Love Pizza 2 - Haine Saint Paul,1,1,0,3,1,1,1,0,0,0,0,8,0,3,3,
19/03/2021,We Love Pizza Gembloux,1,0,1,2,0,3,2,0,0,0,0,9,1,0,0,
19/03/2021,[Sélection],2,1,1,5,1,4,3,0,0,0,0,17,1,3,3,
20/03/2021,We Love Pizza 2 - Haine Saint Paul,1,1,1,3,3,1,2,0,0,0,0,12,6,12,8,
20/03/2021,We Love Pizza Gembloux,1,2,1,4,4,2,3,5,0,0,0,22,8,0,0,
20/03/2021,[Sélection],2,3,2,7,7,3,5,5,0,0,0,34,14,12,8,
21/03/2021,We Love Pizza 2 - Haine Saint Paul,3,3,1,4,0,4,3,1,0,0,0,19,4,0,0,
21/03/2021,We Love Pizza Gembloux,2,1,0,2,1,4,3,1,0,0,0,14,5,0,0,
21/03/2021,[Sélection],5,4,1,6,1,8,6,2,0,0,0,33,9,0,0,
22/03/2021,We Love Pizza 2 - Haine Saint Paul,1,1,0,3,0,5,2,1,0,0,0,13,9,0,0,
22/03/2021,We Love Pizza Gembloux,0,1,0,0,0,0,0,1,0,0,0,2,0,6,6,
22/03/2021,[Sélection],1,2,0,3,0,5,2,2,0,0,0,15,9,6,6,
23/03/2021,We Love Pizza 2 - Haine Saint Paul,1,1,0,2,1,2,1,0,0,0,0,8,0,6,2,
23/03/2021,We Love Pizza Gembloux,2,0,1,1,2,0,3,0,0,0,0,9,4,3,3,
23/03/2021,[Sélection],3,1,1,3,3,2,4,0,0,0,0,17,4,9,5,
24/03/2021,We Love Pizza 2 - Haine Saint Paul,1,0,1,0,0,3,1,0,0,0,0,6,0,0,0,
24/03/2021,We Love Pizza Gembloux,1,1,1,3,1,1,1,1,0,0,0,10,6,1,1,
24/03/2021,[Sélection],2,1,2,3,1,4,2,1,0,0,0,16,6,1,1,
25/03/2021,We Love Pizza 2 - Haine Saint Paul,0,1,0,1,0,2,1,0,0,0,0,5,0,0,0,
25/03/2021,We Love Pizza Gembloux,1,0,0,0,0,0,0,0,0,0,0,1,0,1,1,
25/03/2021,[Sélection],1,1,0,1,0,2,1,0,0,0,0,6,0,1,1,
26/03/2021,We Love Pizza 2 - Haine Saint Paul,1,3,3,3,3,2,4,3,0,0,0,22,1,5,6,
26/03/2021,We Love Pizza Gembloux,4,2,3,3,1,3,5,2,0,0,0,23,9,10,9,
26/03/2021,[Sélection],5,5,6,6,4,5,9,5,0,0,0,45,10,15,15,
27/03/2021,We Love Pizza 2 - Haine Saint Paul,1,4,1,5,2,0,2,1,0,0,0,16,6,0,0,
27/03/2021,We Love Pizza Gembloux,8,3,8,15,8,9,7,6,0,0,0,64,27,0,0,
27/03/2021,[Sélection],9,7,9,20,10,9,9,7,0,0,0,80,33,0,0,
28/03/2021,We Love Pizza 2 - Haine Saint Paul,3,0,1,2,1,3,0,0,0,0,0,10,0,0,0,
28/03/2021,We Love Pizza Gembloux,9,13,8,9,9,5,8,7,0,0,0,68,34,0,0,
28/03/2021,[Sélection],12,13,9,11,10,8,8,7,0,0,0,78,34,0,0,
29/03/2021,We Love Pizza 2 - Haine Saint Paul,2,0,3,2,2,5,0,2,0,0,0,16,0,0,0,
29/03/2021,We Love Pizza Gembloux,1,0,0,2,2,2,0,0,0,0,0,7,2,0,0,
29/03/2021,[Sélection],3,0,3,4,4,7,0,2,0,0,0,23,2,0,0,
30/03/2021,We Love Pizza 2 - Haine Saint Paul,2,2,0,5,2,9,1,1,0,0,0,22,1,0,0,
30/03/2021,We Love Pizza Gembloux,2,1,2,0,1,1,2,2,0,0,0,11,7,0,0,
30/03/2021,[Sélection],4,3,2,5,3,10,3,3,0,0,0,33,8,0,0,
31/03/2021,We Love Pizza 2 - Haine Saint Paul,0,3,2,3,0,4,2,1,0,0,0,15,5,5,5,
31/03/2021,We Love Pizza Gembloux,1,1,0,2,0,3,1,1,0,0,0,9,1,2,0,
31/03/2021,[Sélection],1,4,2,5,0,7,3,2,0,0,0,24,6,7,5,
01/04/2021,We Love Pizza 2 - Haine Saint Paul,1,1,1,3,1,3,3,2,0,0,0,15,3,0,0,
01/04/2021,We Love Pizza Gembloux,0,3,0,4,2,2,0,1,0,0,0,12,0,0,0,
01/04/2021,[Sélection],1,4,1,7,3,5,3,3,0,0,0,27,3,0,0,
02/04/2021,We Love Pizza 2 - Haine Saint Paul,3,1,0,4,0,2,0,0,0,0,0,10,0,0,0,
02/04/2021,We Love Pizza Gembloux,2,2,1,0,2,0,1,1,0,0,0,9,5,4,3,
02/04/2021,[Sélection],5,3,1,4,2,2,1,1,0,0,0,19,5,4,3,
03/04/2021,We Love Pizza 2 - Haine Saint Paul,4,0,0,3,0,3,1,1,0,0,0,12,4,2,2,
03/04/2021,We Love Pizza Gembloux,0,3,2,3,1,3,1,1,0,0,0,14,5,5,5,
03/04/2021,[Sélection],4,3,2,6,1,6,2,2,0,0,0,26,9,7,7,
04/04/2021,We Love Pizza 2 - Haine Saint Paul,0,1,2,5,0,5,0,0,0,0,0,13,0,0,0,
04/04/2021,We Love Pizza Gembloux,1,2,0,1,1,1,3,1,0,0,0,10,5,0,0,
04/04/2021,[Sélection],1,3,2,6,1,6,3,1,0,0,0,23,5,0,0,
05/04/2021,We Love Pizza 2 - Haine Saint Paul,2,2,1,0,3,3,1,2,0,0,0,14,4,0,0,
05/04/2021,We Love Pizza Gembloux,2,1,2,2,3,4,2,3,0,0,0,19,9,0,0,
05/04/2021,[Sélection],4,3,3,2,6,7,3,5,0,0,0,33,13,0,0,
06/04/2021,We Love Pizza 2 - Haine Saint Paul,2,4,0,2,1,0,1,0,0,0,0,10,1,6,6,
06/04/2021,We Love Pizza Gembloux,2,2,0,1,0,0,0,0,0,0,0,5,3,0,0,
06/04/2021,[Sélection],4,6,0,3,1,0,1,0,0,0,0,15,4,6,6,
07/04/2021,We Love Pizza 2 - Haine Saint Paul,3,2,1,4,3,6,3,0,0,0,0,22,2,0,0,
07/04/2021,We Love Pizza Gembloux,1,2,1,3,1,2,2,0,0,0,0,12,0,0,0,
07/04/2021,[Sélection],4,4,2,7,4,8,5,0,0,0,0,34,2,0,0,
08/04/2021,We Love Pizza 2 - Haine Saint Paul,2,4,1,0,3,5,3,1,0,0,0,19,4,1,1,
08/04/2021,We Love Pizza Gembloux,1,0,0,2,1,1,1,0,0,0,0,6,0,1,1,
08/04/2021,[Sélection],3,4,1,2,4,6,4,1,0,0,0,25,4,2,2,
09/04/2021,We Love Pizza 2 - Haine Saint Paul,0,0,2,1,0,3,0,0,0,0,0,6,0,0,0,
09/04/2021,We Love Pizza Gembloux,3,1,1,1,2,3,1,2,0,0,0,14,0,0,0,
09/04/2021,[Sélection],3,1,3,2,2,6,1,2,0,0,0,20,0,0,0,
10/04/2021,We Love Pizza 2 - Haine Saint Paul,2,3,0,9,2,3,5,0,0,0,0,24,5,1,1,
10/04/2021,We Love Pizza Gembloux,1,0,0,3,0,2,0,0,0,0,0,6,0,3,3,
10/04/2021,[Sélection],3,3,0,12,2,5,5,0,0,0,0,30,5,4,4,
11/04/2021,We Love Pizza 2 - Haine Saint Paul,1,1,0,4,1,2,0,0,0,0,0,9,3,0,0,
11/04/2021,We Love Pizza Gembloux,0,1,1,1,0,1,0,0,0,0,0,4,2,0,0,
11/04/2021,[Sélection],1,2,1,5,1,3,0,0,0,0,0,13,5,0,0,
12/04/2021,We Love Pizza 2 - Haine Saint Paul,1,1,2,0,0,2,2,1,0,0,0,9,0,7,7,
12/04/2021,We Love Pizza Gembloux,0,0,0,0,1,1,3,1,0,0,0,6,0,0,0,
12/04/2021,[Sélection],1,1,2,0,1,3,5,2,0,0,0,15,0,7,7,
13/04/2021,We Love Pizza 2 - Haine Saint Paul,0,2,1,1,2,4,1,0,0,0,0,11,0,0,0,
13/04/2021,We Love Pizza Gembloux,2,0,0,1,3,0,1,2,0,0,0,9,0,8,8,
13/04/2021,[Sélection],2,2,1,2,5,4,2,2,0,0,0,20,0,8,8,
14/04/2021,We Love Pizza 2 - Haine Saint Paul,1,2,2,1,1,3,2,0,0,0,0,12,1,3,3,
14/04/2021,We Love Pizza Gembloux,2,2,0,0,2,3,3,2,0,0,0,14,0,2,2,
14/04/2021,[Sélection],3,4,2,1,3,6,5,2,0,0,0,26,1,5,5,
15/04/2021,We Love Pizza 2 - Haine Saint Paul,1,0,0,1,2,5,1,2,0,0,0,12,5,0,0,
15/04/2021,We Love Pizza Gembloux,1,0,0,2,1,1,0,2,0,0,0,7,2,0,0,
15/04/2021,[Sélection],2,0,0,3,3,6,1,4,0,0,0,19,7,0,0,
16/04/2021,We Love Pizza 2 - Haine Saint Paul,1,1,2,1,0,5,3,2,0,0,0,15,2,0,0,
16/04/2021,We Love Pizza Gembloux,5,2,1,5,3,3,4,2,0,0,0,25,6,0,0,
16/04/2021,[Sélection],6,3,3,6,3,8,7,4,0,0,0,40,8,0,0,
17/04/2021,We Love Pizza 2 - Haine Saint Paul,1,1,1,1,1,3,2,2,0,0,0,12,3,1,1,
17/04/2021,We Love Pizza Gembloux,5,3,1,4,4,4,6,6,0,0,0,33,20,0,0,
17/04/2021,[Sélection],6,4,2,5,5,7,8,8,0,0,0,45,23,1,1,
18/04/2021,We Love Pizza 2 - Haine Saint Paul,1,0,0,5,2,3,0,0,0,0,0,11,0,3,3,
18/04/2021,We Love Pizza Gembloux,5,10,9,17,11,12,9,6,0,0,0,79,42,1,1,
18/04/2021,[Sélection],6,10,9,22,13,15,9,6,0,0,0,90,42,4,4,
19/04/2021,We Love Pizza 2 - Haine Saint Paul,2,0,0,2,0,0,0,0,0,0,0,4,0,0,0,
19/04/2021,We Love Pizza Gembloux,2,0,0,1,1,1,1,1,0,0,0,7,4,0,0,
19/04/2021,[Sélection],4,0,0,3,1,1,1,1,0,0,0,11,4,0,0,
20/04/2021,We Love Pizza 2 - Haine Saint Paul,2,1,3,5,1,6,1,0,0,0,0,19,2,3,3,
20/04/2021,We Love Pizza Gembloux,1,3,4,2,1,3,4,2,0,0,0,20,8,0,0,
20/04/2021,[Sélection],3,4,7,7,2,9,5,2,0,0,0,39,10,3,3,
21/04/2021,We Love Pizza 2 - Haine Saint Paul,1,4,1,4,0,4,2,3,0,0,0,19,0,0,0,
21/04/2021,We Love Pizza Gembloux,0,3,1,2,0,1,0,1,0,0,0,8,4,0,0,
21/04/2021,[Sélection],1,7,2,6,0,5,2,4,0,0,0,27,4,0,0,
22/04/2021,We Love Pizza 2 - Haine Saint Paul,1,0,0,4,4,5,3,0,0,0,0,17,0,0,0,
22/04/2021,We Love Pizza Gembloux,1,3,2,2,3,2,0,1,0,0,0,14,3,0,0,
22/04/2021,[Sélection],2,3,2,6,7,7,3,1,0,0,0,31,3,0,0,
23/04/2021,We Love Pizza 2 - Haine Saint Paul,2,4,0,3,0,1,3,0,0,0,0,13,3,0,0,
23/04/2021,We Love Pizza Gembloux,5,3,1,3,1,1,1,2,0,0,0,17,5,1,1,
23/04/2021,[Sélection],7,7,1,6,1,2,4,2,0,0,0,30,8,1,1,
24/04/2021,We Love Pizza 2 - Haine Saint Paul,1,0,0,4,0,3,0,1,0,0,0,9,0,1,1,
24/04/2021,We Love Pizza Gembloux,1,1,0,0,1,3,0,0,0,0,0,6,1,0,0,
24/04/2021,[Sélection],2,1,0,4,1,6,0,1,0,0,0,15,1,1,1,
25/04/2021,We Love Pizza 2 - Haine Saint Paul,0,1,1,0,1,1,0,0,0,0,0,4,0,0,0,
25/04/2021,We Love Pizza Gembloux,0,0,0,1,2,3,1,4,0,0,0,11,2,5,5,
25/04/2021,[Sélection],0,1,1,1,3,4,1,4,0,0,0,15,2,5,5,
26/04/2021,We Love Pizza 2 - Haine Saint Paul,1,0,0,1,0,3,2,0,0,0,0,7,0,3,3,
26/04/2021,We Love Pizza Gembloux,0,1,0,1,1,0,0,0,0,0,0,3,2,0,0,
26/04/2021,[Sélection],1,1,0,2,1,3,2,0,0,0,0,10,2,3,3,
27/04/2021,We Love Pizza 2 - Haine Saint Paul,1,2,3,2,1,5,1,0,0,0,0,15,1,13,13,
27/04/2021,We Love Pizza Gembloux,1,1,0,2,0,1,0,2,0,0,0,7,1,4,4,
27/04/2021,[Sélection],2,3,3,4,1,6,1,2,0,0,0,22,2,17,17,
28/04/2021,We Love Pizza 2 - Haine Saint Paul,1,2,0,1,0,1,1,0,0,0,0,6,0,0,0,
28/04/2021,We Love Pizza Gembloux,2,1,1,1,2,2,1,0,0,0,0,10,2,0,0,
28/04/2021,[Sélection],3,3,1,2,2,3,2,0,0,0,0,16,2,0,0,
29/04/2021,We Love Pizza 2 - Haine Saint Paul,2,3,1,0,1,3,0,0,0,0,0,10,2,0,0,
29/04/2021,We Love Pizza Gembloux,3,2,1,5,1,0,1,0,0,0,0,13,9,5,5,
29/04/2021,[Sélection],5,5,2,5,2,3,1,0,0,0,0,23,11,5,5,
30/04/2021,We Love Pizza 2 - Haine Saint Paul,1,1,0,4,3,3,0,0,0,0,0,12,2,0,0,
30/04/2021,We Love Pizza Gembloux,3,3,2,2,1,4,1,2,0,0,0,18,5,0,0,
30/04/2021,[Sélection],4,4,2,6,4,7,1,2,0,0,0,30,7,0,0,
01/05/2021,We Love Pizza 2 - Haine Saint Paul,0,0,0,3,1,5,1,0,0,0,0,10,0,3,3,
01/05/2021,We Love Pizza Gembloux,2,3,2,5,0,1,5,3,0,0,0,21,2,0,0,
01/05/2021,[Sélection],2,3,2,8,1,6,6,3,0,0,0,31,2,3,3,
02/05/2021,We Love Pizza 2 - Haine Saint Paul,5,3,1,4,2,4,2,2,0,0,0,23,1,4,4,
02/05/2021,We Love Pizza Gembloux,3,3,0,5,2,2,2,1,0,0,0,18,5,0,0,
02/05/2021,[Sélection],8,6,1,9,4,6,4,3,0,0,0,41,6,4,4,
03/05/2021,We Love Pizza 2 - Haine Saint Paul,2,1,0,4,0,0,2,0,0,0,0,9,0,0,0,
03/05/2021,We Love Pizza Gembloux,1,2,0,0,0,0,1,2,0,0,0,6,3,0,0,
03/05/2021,[Sélection],3,3,0,4,0,0,3,2,0,0,0,15,3,0,0,
04/05/2021,We Love Pizza 2 - Haine Saint Paul,2,1,2,3,2,3,2,0,0,0,0,15,5,0,0,
04/05/2021,We Love Pizza Gembloux,0,1,3,0,1,1,0,0,0,0,0,6,4,2,2,
04/05/2021,[Sélection],2,2,5,3,3,4,2,0,0,0,0,21,9,2,2,
05/05/2021,We Love Pizza 2 - Haine Saint Paul,2,2,2,3,0,5,2,0,0,0,0,16,2,2,2,
05/05/2021,We Love Pizza Gembloux,0,1,0,1,1,3,3,1,0,0,0,10,3,0,0,
05/05/2021,[Sélection],2,3,2,4,1,8,5,1,0,0,0,26,5,2,2,
06/05/2021,We Love Pizza 2 - Haine Saint Paul,0,0,0,3,0,3,1,0,0,0,0,7,0,0,0,
06/05/2021,We Love Pizza Gembloux,1,0,3,0,0,0,0,0,0,0,0,4,0,3,3,
06/05/2021,[Sélection],1,0,3,3,0,3,1,0,0,0,0,11,0,3,3,
07/05/2021,We Love Pizza 2 - Haine Saint Paul,3,1,2,3,3,5,3,2,0,0,0,22,9,8,8,
07/05/2021,We Love Pizza Gembloux,3,0,1,2,0,2,4,4,0,0,0,16,1,0,0,
07/05/2021,[Sélection],6,1,3,5,3,7,7,6,0,0,0,38,10,8,8,
08/05/2021,We Love Pizza 2 - Haine Saint Paul,4,6,2,4,0,5,0,1,0,0,0,22,0,0,0,
08/05/2021,We Love Pizza Gembloux,2,1,0,5,1,3,4,1,0,0,0,17,4,0,0,
08/05/2021,[Sélection],6,7,2,9,1,8,4,2,0,0,0,39,4,0,0,
09/05/2021,We Love Pizza 2 - Haine Saint Paul,3,4,0,5,3,7,7,3,0,0,0,32,3,0,0,
09/05/2021,We Love Pizza Gembloux,3,3,2,2,3,3,2,4,0,0,0,22,4,3,3,
09/05/2021,[Sélection],6,7,2,7,6,10,9,7,0,0,0,54,7,3,3,
10/05/2021,We Love Pizza 2 - Haine Saint Paul,5,2,3,5,3,3,3,1,0,0,0,25,5,0,0,
10/05/2021,We Love Pizza Gembloux,1,0,1,0,1,2,1,1,0,0,0,7,0,0,0,
10/05/2021,[Sélection],6,2,4,5,4,5,4,2,0,0,0,32,5,0,0,
11/05/2021,We Love Pizza 2 - Haine Saint Paul,2,1,2,6,0,1,4,1,0,0,0,17,2,0,0,
11/05/2021,We Love Pizza Gembloux,0,0,2,1,0,0,0,1,0,0,0,4,3,0,0,
11/05/2021,[Sélection],2,1,4,7,0,1,4,2,0,0,0,21,5,0,0,
12/05/2021,We Love Pizza 2 - Haine Saint Paul,3,2,3,5,4,5,7,1,0,0,0,30,0,0,0,
12/05/2021,We Love Pizza Gembloux,0,5,2,3,3,1,0,1,0,0,0,15,7,0,0,
12/05/2021,[Sélection],3,7,5,8,7,6,7,2,0,0,0,45,7,0,0,
13/05/2021,We Love Pizza 2 - Haine Saint Paul,8,13,4,14,8,11,5,2,0,0,0,65,1,0,0,
13/05/2021,We Love Pizza Gembloux,2,2,3,4,1,4,5,2,0,0,0,23,10,0,0,
13/05/2021,[Sélection],10,15,7,18,9,15,10,4,0,0,0,88,11,0,0,
14/05/2021,We Love Pizza 2 - Haine Saint Paul,6,6,4,3,4,13,6,1,0,0,0,43,0,0,0,
14/05/2021,We Love Pizza Gembloux,1,1,1,3,0,2,2,1,0,0,0,11,3,1,1,
14/05/2021,[Sélection],7,7,5,6,4,15,8,2,0,0,0,54,3,1,1,
15/05/2021,We Love Pizza 2 - Haine Saint Paul,3,3,2,6,3,13,7,0,0,0,0,37,0,0,0,
15/05/2021,We Love Pizza Gembloux,4,4,2,7,3,1,5,1,0,0,0,27,2,0,0,
15/05/2021,[Sélection],7,7,4,13,6,14,12,1,0,0,0,64,2,0,0,
16/05/2021,We Love Pizza 2 - Haine Saint Paul,5,0,1,11,5,14,8,3,0,0,0,47,0,27,0,
16/05/2021,We Love Pizza Gembloux,3,2,1,2,2,1,1,0,0,0,0,12,3,21,2,
16/05/2021,[Sélection],8,2,2,13,7,15,9,3,0,0,0,59,3,48,2,
17/05/2021,We Love Pizza 2 - Haine Saint Paul,2,2,2,1,1,5,1,2,0,0,0,16,0,0,0,
17/05/2021,We Love Pizza Gembloux,3,0,2,4,0,2,2,1,0,0,0,14,1,0,0,
17/05/2021,[Sélection],5,2,4,5,1,7,3,3,0,0,0,30,1,0,0,
18/05/2021,We Love Pizza 2 - Haine Saint Paul,2,6,2,4,1,5,0,0,0,0,0,20,0,0,0,
18/05/2021,We Love Pizza Gembloux,2,3,1,1,0,2,3,0,0,0,0,12,2,25,6,
18/05/2021,[Sélection],4,9,3,5,1,7,3,0,0,0,0,32,2,25,6,
19/05/2021,We Love Pizza 2 - Haine Saint Paul,4,3,1,5,2,4,6,1,0,0,0,26,2,0,0,
19/05/2021,We Love Pizza Gembloux,2,6,1,4,1,1,1,1,0,0,0,17,9,0,0,
19/05/2021,[Sélection],6,9,2,9,3,5,7,2,0,0,0,43,11,0,0,
20/05/2021,We Love Pizza 2 - Haine Saint Paul,3,0,3,3,0,2,3,4,0,0,0,18,0,1,1,
20/05/2021,We Love Pizza Gembloux,0,0,1,1,1,1,2,0,0,0,0,6,0,4,4,
20/05/2021,[Sélection],3,0,4,4,1,3,5,4,0,0,0,24,0,5,5,
21/05/2021,We Love Pizza 2 - Haine Saint Paul,2,1,1,5,0,9,3,0,0,0,0,21,0,0,0,
21/05/2021,We Love Pizza Gembloux,5,1,2,2,2,4,2,2,0,0,0,20,8,0,0,
21/05/2021,[Sélection],7,2,3,7,2,13,5,2,0,0,0,41,8,0,0,
22/05/2021,We Love Pizza 2 - Haine Saint Paul,4,4,6,4,4,4,8,2,0,0,0,36,4,0,0,
22/05/2021,We Love Pizza Gembloux,1,9,3,1,1,1,1,1,0,0,0,18,3,0,0,
22/05/2021,[Sélection],5,13,9,5,5,5,9,3,0,0,0,54,7,0,0,
23/05/2021,We Love Pizza 2 - Haine Saint Paul,6,4,2,9,3,14,4,2,0,0,0,44,2,1,1,
23/05/2021,We Love Pizza Gembloux,6,3,2,3,2,4,2,1,0,0,0,23,8,0,0,
23/05/2021,[Sélection],12,7,4,12,5,18,6,3,0,0,0,67,10,1,1,
24/05/2021,We Love Pizza 2 - Haine Saint Paul,8,6,3,6,3,11,5,1,0,0,0,43,0,1,0,
24/05/2021,We Love Pizza Gembloux,0,2,1,7,3,8,7,1,0,0,0,29,14,0,0,
24/05/2021,[Sélection],8,8,4,13,6,19,12,2,0,0,0,72,14,1,0,
25/05/2021,We Love Pizza 2 - Haine Saint Paul,4,2,0,1,1,3,3,0,0,0,0,14,0,0,0,
25/05/2021,We Love Pizza Gembloux,0,2,0,1,0,1,1,1,0,0,0,6,2,0,0,
25/05/2021,[Sélection],4,4,0,2,1,4,4,1,0,0,0,20,2,0,0,
26/05/2021,We Love Pizza 2 - Haine Saint Paul,0,0,1,0,1,0,1,3,0,0,0,6,0,0,0,
26/05/2021,We Love Pizza Gembloux,1,2,0,4,2,2,1,1,0,0,0,13,8,1,1,
26/05/2021,[Sélection],1,2,1,4,3,2,2,4,0,0,0,19,8,1,1,
27/05/2021,We Love Pizza 2 - Haine Saint Paul,2,3,1,3,0,6,0,0,0,0,0,15,2,6,6,
27/05/2021,We Love Pizza Gembloux,2,0,1,4,0,1,3,1,0,0,0,12,2,0,0,
27/05/2021,[Sélection],4,3,2,7,0,7,3,1,0,0,0,27,4,6,6,
28/05/2021,We Love Pizza 2 - Haine Saint Paul,3,4,0,7,5,9,2,3,0,0,0,33,2,6,6,
28/05/2021,We Love Pizza Gembloux,1,2,0,2,1,2,2,1,0,0,0,11,2,6,6,
28/05/2021,[Sélection],4,6,0,9,6,11,4,4,0,0,0,44,4,12,12,
29/05/2021,We Love Pizza 2 - Haine Saint Paul,8,5,5,10,2,3,10,4,0,0,0,47,2,0,0,
29/05/2021,We Love Pizza Gembloux,5,3,5,3,3,5,1,0,0,0,0,25,0,0,0,
29/05/2021,[Sélection],13,8,10,13,5,8,11,4,0,0,0,72,2,0,0,
30/05/2021,We Love Pizza 2 - Haine Saint Paul,5,6,1,9,5,18,8,3,0,0,0,55,2,0,0,
30/05/2021,We Love Pizza Gembloux,4,5,1,4,0,3,3,2,0,0,0,22,2,0,0,
30/05/2021,[Sélection],9,11,2,13,5,21,11,5,0,0,0,77,4,0,0,
31/05/2021,We Love Pizza 2 - Haine Saint Paul,3,0,2,4,6,4,4,3,0,0,0,26,0,0,0,
31/05/2021,We Love Pizza Gembloux,3,3,2,4,3,1,2,0,0,0,0,18,5,0,0,
31/05/2021,[Sélection],6,3,4,8,9,5,6,3,0,0,0,44,5,0,0,
01/06/2021,We Love Pizza 2 - Haine Saint Paul,3,2,3,5,0,6,4,2,0,0,0,25,0,0,0,
01/06/2021,We Love Pizza Gembloux,0,0,0,3,1,3,1,0,0,0,0,8,0,0,0,
01/06/2021,[Sélection],3,2,3,8,1,9,5,2,0,0,0,33,0,0,0,
02/06/2021,We Love Pizza 2 - Haine Saint Paul,3,6,5,6,2,7,2,3,0,0,0,34,0,0,0,
02/06/2021,We Love Pizza Gembloux,1,1,1,1,1,1,0,0,0,0,0,6,3,6,6,
02/06/2021,[Sélection],4,7,6,7,3,8,2,3,0,0,0,40,3,6,6,
03/06/2021,We Love Pizza 2 - Haine Saint Paul,1,4,1,3,5,4,1,0,0,0,0,19,1,2,0,
03/06/2021,We Love Pizza Gembloux,1,4,1,2,1,2,1,1,0,0,0,13,3,0,0,
03/06/2021,[Sélection],2,8,2,5,6,6,2,1,0,0,0,32,4,2,0,
04/06/2021,We Love Pizza 2 - Haine Saint Paul,3,0,4,4,7,11,6,0,0,0,0,35,0,0,0,
04/06/2021,We Love Pizza Gembloux,3,1,0,7,1,2,5,1,0,0,0,20,5,11,11,
04/06/2021,[Sélection],6,1,4,11,8,13,11,1,0,0,0,55,5,11,11,
05/06/2021,We Love Pizza 2 - Haine Saint Paul,7,9,3,11,3,10,7,2,0,0,0,52,3,2,0,
05/06/2021,We Love Pizza Gembloux,1,0,0,0,2,1,2,2,0,0,0,8,1,0,0,
05/06/2021,[Sélection],8,9,3,11,5,11,9,4,0,0,0,60,4,2,0,
06/06/2021,We Love Pizza 2 - Haine Saint Paul,13,4,5,11,8,18,12,4,0,0,0,75,7,0,0,
06/06/2021,We Love Pizza Gembloux,4,2,1,2,1,1,2,2,0,0,0,15,3,0,0,
06/06/2021,[Sélection],17,6,6,13,9,19,14,6,0,0,0,90,10,0,0,
07/06/2021,We Love Pizza 2 - Haine Saint Paul,9,2,2,3,6,7,1,2,0,0,0,32,0,0,0,
07/06/2021,We Love Pizza Gembloux,1,0,2,1,0,3,3,0,0,0,0,10,0,2,2,
07/06/2021,[Sélection],10,2,4,4,6,10,4,2,0,0,0,42,0,2,2,
08/06/2021,We Love Pizza 2 - Haine Saint Paul,6,1,2,7,4,4,2,1,0,0,0,27,6,0,0,
08/06/2021,We Love Pizza Gembloux,2,3,2,8,0,2,0,0,0,0,0,17,2,0,0,
08/06/2021,[Sélection],8,4,4,15,4,6,2,1,0,0,0,44,8,0,0,
09/06/2021,We Love Pizza 2 - Haine Saint Paul,1,2,0,1,2,4,5,0,0,0,0,15,0,1,0,
09/06/2021,We Love Pizza Gembloux,1,2,2,1,1,1,1,0,0,0,0,9,0,8,8,
09/06/2021,[Sélection],2,4,2,2,3,5,6,0,0,0,0,24,0,9,8,
10/06/2021,We Love Pizza 2 - Haine Saint Paul,4,1,3,5,1,9,0,2,0,0,0,25,1,0,0,
10/06/2021,We Love Pizza Gembloux,3,1,0,2,1,1,0,0,0,0,0,8,0,0,0,
10/06/2021,[Sélection],7,2,3,7,2,10,0,2,0,0,0,33,1,0,0,
11/06/2021,We Love Pizza 2 - Haine Saint Paul,6,5,1,3,1,2,3,0,0,0,0,21,2,0,0,
11/06/2021,We Love Pizza Gembloux,3,3,0,2,0,3,1,0,0,0,0,12,0,0,0,
11/06/2021,[Sélection],9,8,1,5,1,5,4,0,0,0,0,33,2,0,0,
12/06/2021,We Love Pizza 2 - Haine Saint Paul,2,4,3,8,4,12,3,3,0,0,0,39,5,0,0,
12/06/2021,We Love Pizza Gembloux,1,2,1,4,1,3,2,0,0,0,0,14,4,8,5,
12/06/2021,[Sélection],3,6,4,12,5,15,5,3,0,0,0,53,9,8,5,
13/06/2021,We Love Pizza 2 - Haine Saint Paul,4,3,3,9,5,16,2,0,0,0,0,42,2,0,0,
13/06/2021,We Love Pizza Gembloux,6,2,1,6,3,5,4,1,0,0,0,28,3,0,0,
13/06/2021,[Sélection],10,5,4,15,8,21,6,1,0,0,0,70,5,0,0,
14/06/2021,We Love Pizza 2 - Haine Saint Paul,4,1,2,2,3,8,2,2,0,0,0,24,7,0,0,
14/06/2021,We Love Pizza Gembloux,0,2,1,1,1,5,0,1,0,0,0,11,0,0,0,
14/06/2021,[Sélection],4,3,3,3,4,13,2,3,0,0,0,35,7,0,0,
15/06/2021,We Love Pizza 2 - Haine Saint Paul,4,0,3,1,1,5,2,0,0,0,0,16,2,0,0,
15/06/2021,We Love Pizza Gembloux,1,2,0,1,0,1,0,0,0,0,0,5,1,0,0,
15/06/2021,[Sélection],5,2,3,2,1,6,2,0,0,0,0,21,3,0,0,
16/06/2021,We Love Pizza 2 - Haine Saint Paul,0,2,2,3,0,4,1,5,0,0,0,17,3,1,1,
16/06/2021,We Love Pizza Gembloux,0,0,1,0,2,0,0,0,0,0,0,3,0,5,4,
16/06/2021,[Sélection],0,2,3,3,2,4,1,5,0,0,0,20,3,6,5,
17/06/2021,We Love Pizza 2 - Haine Saint Paul,3,3,3,2,7,7,2,0,0,0,0,27,5,6,6,
17/06/2021,We Love Pizza Gembloux,1,1,1,3,0,2,2,0,0,0,0,10,1,20,19,
17/06/2021,[Sélection],4,4,4,5,7,9,4,0,0,0,0,37,6,26,25,
18/06/2021,We Love Pizza 2 - Haine Saint Paul,4,2,1,8,1,5,4,4,0,0,0,29,8,0,0,
18/06/2021,We Love Pizza Gembloux,3,1,2,1,0,2,3,2,0,0,0,14,2,0,0,
18/06/2021,[Sélection],7,3,3,9,1,7,7,6,0,0,0,43,10,0,0,
19/06/2021,We Love Pizza 2 - Haine Saint Paul,2,3,3,10,6,14,3,1,0,0,0,42,4,0,0,
19/06/2021,We Love Pizza Gembloux,3,3,2,7,1,4,4,3,0,0,0,27,7,0,0,
19/06/2021,[Sélection],5,6,5,17,7,18,7,4,0,0,0,69,11,0,0,
20/06/2021,We Love Pizza 2 - Haine Saint Paul,5,1,6,8,6,8,9,1,0,0,0,44,0,0,0,
20/06/2021,We Love Pizza Gembloux,10,8,1,5,5,12,0,1,0,0,0,42,6,0,0,
20/06/2021,[Sélection],15,9,7,13,11,20,9,2,0,0,0,86,6,0,0,
21/06/2021,We Love Pizza 2 - Haine Saint Paul,3,4,0,4,2,8,3,4,0,0,0,28,1,0,0,
21/06/2021,We Love Pizza Gembloux,1,3,0,2,2,4,4,1,0,0,0,17,1,0,0,
21/06/2021,[Sélection],4,7,0,6,4,12,7,5,0,0,0,45,2,0,0,
22/06/2021,We Love Pizza 2 - Haine Saint Paul,5,2,3,6,5,2,3,3,0,0,0,29,2,0,0,
22/06/2021,We Love Pizza Gembloux,1,3,4,2,1,3,3,1,0,0,0,18,2,3,0,
22/06/2021,[Sélection],6,5,7,8,6,5,6,4,0,0,0,47,4,3,0,
23/06/2021,We Love Pizza 2 - Haine Saint Paul,0,2,2,4,0,8,0,1,0,0,0,17,0,0,0,
23/06/2021,We Love Pizza Gembloux,1,1,0,6,2,1,1,2,0,0,0,14,6,0,0,
23/06/2021,[Sélection],1,3,2,10,2,9,1,3,0,0,0,31,6,0,0,
24/06/2021,We Love Pizza 2 - Haine Saint Paul,6,2,2,4,2,9,1,0,0,0,0,26,0,0,0,
24/06/2021,We Love Pizza Gembloux,5,0,0,2,3,1,1,1,0,0,0,13,0,9,9,
24/06/2021,[Sélection],11,2,2,6,5,10,2,1,0,0,0,39,0,9,9,
25/06/2021,We Love Pizza 2 - Haine Saint Paul,4,1,1,3,5,8,6,4,0,0,0,32,4,0,0,
25/06/2021,We Love Pizza Gembloux,5,2,3,9,4,4,2,1,0,0,0,30,17,1,1,
25/06/2021,[Sélection],9,3,4,12,9,12,8,5,0,0,0,62,21,1,1,
26/06/2021,We Love Pizza 2 - Haine Saint Paul,3,4,1,12,5,10,7,1,0,0,0,43,5,0,0,
26/06/2021,We Love Pizza Gembloux,4,3,1,1,2,5,0,2,0,0,0,18,7,0,0,
26/06/2021,[Sélection],7,7,2,13,7,15,7,3,0,0,0,61,12,0,0,
27/06/2021,We Love Pizza 2 - Haine Saint Paul,6,2,5,13,8,17,3,4,0,0,0,58,0,0,0,
27/06/2021,We Love Pizza Gembloux,2,1,1,4,1,2,2,1,0,0,0,14,6,0,0,
27/06/2021,[Sélection],8,3,6,17,9,19,5,5,0,0,0,72,6,0,0,
28/06/2021,We Love Pizza 2 - Haine Saint Paul,6,2,2,6,0,5,3,3,0,0,0,27,4,0,0,
28/06/2021,We Love Pizza Gembloux,4,0,1,4,3,5,4,0,0,0,0,21,0,4,4,
28/06/2021,[Sélection],10,2,3,10,3,10,7,3,0,0,0,48,4,4,4,
29/06/2021,We Love Pizza 2 - Haine Saint Paul,1,5,3,6,1,10,2,2,0,0,0,30,6,0,0,
29/06/2021,We Love Pizza Gembloux,2,1,0,1,0,2,0,0,0,0,0,6,0,0,0,
29/06/2021,[Sélection],3,6,3,7,1,12,2,2,0,0,0,36,6,0,0,
30/06/2021,We Love Pizza 2 - Haine Saint Paul,2,1,2,3,2,6,2,0,0,0,0,18,8,0,0,
30/06/2021,We Love Pizza Gembloux,0,1,2,1,1,2,0,2,0,0,0,9,2,15,15,
30/06/2021,[Sélection],2,2,4,4,3,8,2,2,0,0,0,27,10,15,15,
01/07/2021,We Love Pizza 2 - Haine Saint Paul,6,5,1,4,1,6,4,0,0,0,0,27,0,2,2,
01/07/2021,We Love Pizza Gembloux,0,1,1,0,1,1,1,0,0,0,0,5,2,0,0,
01/07/2021,[Sélection],6,6,2,4,2,7,5,0,0,0,0,32,2,2,2,
02/07/2021,We Love Pizza 2 - Haine Saint Paul,2,0,3,6,2,4,2,0,0,0,0,19,1,0,0,
02/07/2021,We Love Pizza Gembloux,0,2,0,0,0,0,1,0,0,0,0,3,0,0,0,
02/07/2021,[Sélection],2,2,3,6,2,4,3,0,0,0,0,22,1,0,0,
03/07/2021,We Love Pizza 2 - Haine Saint Paul,12,2,6,10,7,16,5,4,0,0,0,62,3,0,0,
03/07/2021,We Love Pizza Gembloux,8,0,2,5,2,6,5,1,0,0,0,29,3,1,0,
03/07/2021,[Sélection],20,2,8,15,9,22,10,5,0,0,0,91,6,1,0,
04/07/2021,We Love Pizza 2 - Haine Saint Paul,4,2,8,5,5,9,3,3,0,0,0,39,3,1,0,
04/07/2021,We Love Pizza Gembloux,1,1,0,2,0,4,3,2,0,0,0,13,3,8,4,
04/07/2021,[Sélection],5,3,8,7,5,13,6,5,0,0,0,52,6,9,4,
05/07/2021,We Love Pizza 2 - Haine Saint Paul,2,3,1,2,4,11,1,1,0,0,0,25,3,0,0,
05/07/2021,We Love Pizza Gembloux,0,0,2,3,1,3,0,0,0,0,0,9,3,0,0,
05/07/2021,[Sélection],2,3,3,5,5,14,1,1,0,0,0,34,6,0,0,
06/07/2021,We Love Pizza 2 - Haine Saint Paul,2,3,1,4,3,5,2,1,0,0,0,21,2,1,1,
06/07/2021,We Love Pizza Gembloux,1,2,0,0,0,2,0,0,0,0,5,10,0,0,0,
06/07/2021,[Sélection],3,5,1,4,3,7,2,1,0,0,5,31,2,1,1,
07/07/2021,We Love Pizza 2 - Haine Saint Paul,2,7,3,7,6,13,3,3,0,0,0,44,1,6,3,
07/07/2021,We Love Pizza Gembloux,4,5,3,3,0,0,2,1,0,0,0,18,0,3,1,
07/07/2021,[Sélection],6,12,6,10,6,13,5,4,0,0,0,62,1,9,4,
08/07/2021,We Love Pizza 2 - Haine Saint Paul,9,2,1,2,1,1,4,2,0,0,0,22,1,8,1,
08/07/2021,We Love Pizza Gembloux,0,0,1,3,2,1,1,1,0,0,0,9,0,11,11,
08/07/2021,[Sélection],9,2,2,5,3,2,5,3,0,0,0,31,1,19,12,
09/07/2021,We Love Pizza 2 - Haine Saint Paul,1,3,7,8,4,12,4,2,0,0,0,41,6,1,0,
09/07/2021,We Love Pizza Gembloux,2,1,1,5,2,8,0,2,0,0,0,21,9,0,0,
09/07/2021,[Sélection],3,4,8,13,6,20,4,4,0,0,0,62,15,1,0,
10/07/2021,We Love Pizza 2 - Haine Saint Paul,5,4,3,7,4,11,2,0,0,0,0,36,3,0,0,
10/07/2021,We Love Pizza Gembloux,3,2,2,4,0,5,0,0,0,0,0,16,1,0,0,
10/07/2021,[Sélection],8,6,5,11,4,16,2,0,0,0,0,52,4,0,0,
11/07/2021,We Love Pizza 2 - Haine Saint Paul,3,4,6,10,4,14,2,1,0,0,0,44,8,0,0,
11/07/2021,We Love Pizza Gembloux,2,1,2,4,1,2,3,0,0,0,0,15,3,6,4,
11/07/2021,[Sélection],5,5,8,14,5,16,5,1,0,0,0,59,11,6,4,
12/07/2021,We Love Pizza 2 - Haine Saint Paul,4,5,8,12,7,19,5,2,0,0,0,62,7,0,0,
12/07/2021,We Love Pizza Gembloux,4,4,3,2,2,5,4,0,0,0,0,24,4,0,0,
12/07/2021,[Sélection],8,9,11,14,9,24,9,2,0,0,0,86,11,0,0,
13/07/2021,We Love Pizza 2 - Haine Saint Paul,3,1,0,2,3,9,0,1,0,0,0,19,0,0,0,
13/07/2021,We Love Pizza Gembloux,0,0,2,5,0,0,1,0,0,0,0,8,3,0,0,
13/07/2021,[Sélection],3,1,2,7,3,9,1,1,0,0,0,27,3,0,0,
14/07/2021,We Love Pizza 2 - Haine Saint Paul,4,1,0,3,2,4,2,1,0,0,0,17,1,0,0,
14/07/2021,We Love Pizza Gembloux,2,3,0,1,0,1,2,1,0,0,0,10,2,5,5,
14/07/2021,[Sélection],6,4,0,4,2,5,4,2,0,0,0,27,3,5,5,
15/07/2021,We Love Pizza 2 - Haine Saint Paul,1,1,3,3,1,4,2,0,0,0,0,15,0,0,0,
15/07/2021,We Love Pizza Gembloux,1,0,3,2,1,2,0,0,0,0,0,9,0,0,0,
15/07/2021,[Sélection],2,1,6,5,2,6,2,0,0,0,0,24,0,0,0,
16/07/2021,We Love Pizza 2 - Haine Saint Paul,3,5,6,9,8,5,3,3,0,0,0,42,6,0,0,
16/07/2021,We Love Pizza Gembloux,2,1,0,2,0,2,1,0,0,0,0,8,0,23,23,
16/07/2021,[Sélection],5,6,6,11,8,7,4,3,0,0,0,50,6,23,23,
17/07/2021,We Love Pizza 2 - Haine Saint Paul,3,2,5,8,4,16,5,1,0,0,0,44,4,0,0,
17/07/2021,We Love Pizza Gembloux,1,1,4,2,3,2,1,3,0,0,0,17,0,0,0,
17/07/2021,[Sélection],4,3,9,10,7,18,6,4,0,0,0,61,4,0,0,
18/07/2021,We Love Pizza 2 - Haine Saint Paul,4,4,6,5,7,10,5,6,0,0,0,47,1,0,0,
18/07/2021,We Love Pizza Gembloux,1,1,2,10,3,4,3,1,0,0,0,25,1,0,0,
18/07/2021,[Sélection],5,5,8,15,10,14,8,7,0,0,0,72,2,0,0,
19/07/2021,We Love Pizza 2 - Haine Saint Paul,2,4,1,5,1,9,2,1,0,0,0,25,3,0,0,
19/07/2021,We Love Pizza Gembloux,2,1,2,3,3,3,2,0,0,0,0,16,2,0,0,
19/07/2021,[Sélection],4,5,3,8,4,12,4,1,0,0,0,41,5,0,0,
20/07/2021,We Love Pizza 2 - Haine Saint Paul,1,2,5,4,2,4,2,0,0,0,0,20,5,2,0,
20/07/2021,We Love Pizza Gembloux,0,1,1,2,0,0,0,1,0,0,0,5,1,2,0,
20/07/2021,[Sélection],1,3,6,6,2,4,2,1,0,0,0,25,6,4,0,
21/07/2021,We Love Pizza 2 - Haine Saint Paul,3,4,0,6,3,4,3,0,0,0,0,23,8,9,3,
21/07/2021,We Love Pizza Gembloux,1,5,1,1,3,4,1,0,0,0,0,16,0,3,3,
21/07/2021,[Sélection],4,9,1,7,6,8,4,0,0,0,0,39,8,12,6,
22/07/2021,We Love Pizza 2 - Haine Saint Paul,0,1,1,5,4,6,2,0,0,0,0,19,3,2,2,
22/07/2021,We Love Pizza Gembloux,4,0,1,2,1,2,3,1,0,0,0,14,3,2,2,
22/07/2021,[Sélection],4,1,2,7,5,8,5,1,0,0,0,33,6,4,4,
23/07/2021,We Love Pizza 2 - Haine Saint Paul,2,3,2,5,3,12,2,4,0,0,0,33,4,0,0,
23/07/2021,We Love Pizza Gembloux,0,0,1,1,0,1,1,0,0,0,0,4,0,0,0,
23/07/2021,[Sélection],2,3,3,6,3,13,3,4,0,0,0,37,4,0,0,
24/07/2021,We Love Pizza 2 - Haine Saint Paul,1,3,3,2,3,12,3,3,0,0,0,30,2,0,0,
24/07/2021,We Love Pizza Gembloux,0,2,1,0,0,3,2,0,0,0,0,8,1,7,7,
24/07/2021,[Sélection],1,5,4,2,3,15,5,3,0,0,0,38,3,7,7,
25/07/2021,We Love Pizza 2 - Haine Saint Paul,5,4,2,5,0,15,2,3,0,0,0,36,3,0,0,
25/07/2021,We Love Pizza Gembloux,4,4,3,4,5,7,1,2,0,0,0,30,6,0,0,
25/07/2021,[Sélection],9,8,5,9,5,22,3,5,0,0,0,66,9,0,0,
26/07/2021,We Love Pizza 2 - Haine Saint Paul,4,5,2,13,2,5,2,4,0,0,0,37,2,0,0,
26/07/2021,We Love Pizza Gembloux,1,0,0,3,2,5,0,0,0,0,0,11,4,0,0,
26/07/2021,[Sélection],5,5,2,16,4,10,2,4,0,0,0,48,6,0,0,
27/07/2021,We Love Pizza 2 - Haine Saint Paul,4,2,1,5,0,4,1,0,0,0,0,17,0,0,0,
27/07/2021,We Love Pizza Gembloux,1,3,0,3,2,0,1,1,0,0,0,11,4,0,0,
27/07/2021,[Sélection],5,5,1,8,2,4,2,1,0,0,0,28,4,0,0,
28/07/2021,We Love Pizza 2 - Haine Saint Paul,1,1,4,4,1,7,3,0,0,0,0,21,0,4,4,
28/07/2021,We Love Pizza Gembloux,1,2,1,2,0,2,1,0,0,0,0,9,0,0,0,
28/07/2021,[Sélection],2,3,5,6,1,9,4,0,0,0,0,30,0,4,4,
29/07/2021,We Love Pizza 2 - Haine Saint Paul,1,0,1,2,2,0,1,1,0,0,0,8,1,2,2,
29/07/2021,We Love Pizza Gembloux,0,0,0,1,1,3,0,1,0,0,0,6,0,0,0,
29/07/2021,[Sélection],1,0,1,3,3,3,1,2,0,0,0,14,1,2,2,
30/07/2021,We Love Pizza 2 - Haine Saint Paul,0,0,0,0,0,0,0,0,0,0,0,0,0,6,0,
30/07/2021,We Love Pizza Gembloux,2,2,3,3,3,2,2,4,0,0,0,21,6,27,0,
30/07/2021,[Sélection],2,2,3,3,3,2,2,4,0,0,0,21,6,33,0,
31/07/2021,We Love Pizza 2 - Haine Saint Paul,0,0,0,1,1,0,0,0,0,0,0,2,0,0,0,
31/07/2021,We Love Pizza Gembloux,4,2,2,4,1,5,7,1,0,0,0,26,1,0,0,
31/07/2021,[Sélection],4,2,2,5,2,5,7,1,0,0,0,28,1,0,0,
01/08/2021,We Love Pizza 2 - Haine Saint Paul,5,1,4,7,4,14,2,1,0,0,0,38,2,47,0,
01/08/2021,We Love Pizza Gembloux,0,3,2,3,1,2,0,1,0,0,0,12,1,0,0,
01/08/2021,[Sélection],5,4,6,10,5,16,2,2,0,0,0,50,3,47,0,
02/08/2021,We Love Pizza 2 - Haine Saint Paul,4,4,6,3,6,5,3,1,0,0,0,32,5,0,0,
02/08/2021,We Love Pizza Gembloux,1,1,2,4,3,2,3,2,0,0,0,18,7,0,0,
02/08/2021,[Sélection],5,5,8,7,9,7,6,3,0,0,0,50,12,0,0,
03/08/2021,We Love Pizza 2 - Haine Saint Paul,2,2,1,2,0,9,4,0,0,0,0,20,1,23,0,
03/08/2021,We Love Pizza Gembloux,1,0,1,5,2,2,0,1,0,0,0,12,2,2,0,
03/08/2021,[Sélection],3,2,2,7,2,11,4,1,0,0,0,32,3,25,0,
04/08/2021,We Love Pizza 2 - Haine Saint Paul,1,1,1,5,3,8,1,2,0,0,0,22,2,0,0,
04/08/2021,We Love Pizza Gembloux,4,4,0,3,2,4,2,2,0,0,0,21,0,0,0,
04/08/2021,[Sélection],5,5,1,8,5,12,3,4,0,0,0,43,2,0,0,
05/08/2021,We Love Pizza 2 - Haine Saint Paul,3,1,2,5,1,5,5,2,0,0,0,24,1,0,0,
05/08/2021,We Love Pizza Gembloux,3,2,2,6,1,4,2,1,0,0,0,21,7,1,1,
05/08/2021,[Sélection],6,3,4,11,2,9,7,3,0,0,0,45,8,1,1,
06/08/2021,We Love Pizza 2 - Haine Saint Paul,4,4,4,8,6,11,3,2,0,0,0,42,2,0,0,
06/08/2021,We Love Pizza Gembloux,1,0,1,1,1,3,2,4,0,0,0,13,4,0,0,
06/08/2021,[Sélection],5,4,5,9,7,14,5,6,0,0,0,55,6,0,0,
07/08/2021,We Love Pizza 2 - Haine Saint Paul,12,7,2,14,4,13,11,4,0,0,0,67,7,2,0,
07/08/2021,We Love Pizza Gembloux,2,3,5,5,2,4,5,0,0,0,0,26,0,4,4,
07/08/2021,[Sélection],14,10,7,19,6,17,16,4,0,0,0,93,7,6,4,
08/08/2021,We Love Pizza 2 - Haine Saint Paul,7,2,2,9,3,10,2,3,0,0,0,38,0,0,0,
08/08/2021,We Love Pizza Gembloux,6,2,4,6,0,6,3,2,0,0,0,29,4,0,0,
08/08/2021,[Sélection],13,4,6,15,3,16,5,5,0,0,0,67,4,0,0,
09/08/2021,We Love Pizza 2 - Haine Saint Paul,1,1,1,4,3,5,0,0,0,0,0,15,3,0,0,
09/08/2021,We Love Pizza Gembloux,1,3,0,2,0,1,0,1,0,0,0,8,0,0,0,
09/08/2021,[Sélection],2,4,1,6,3,6,0,1,0,0,0,23,3,0,0,
10/08/2021,We Love Pizza 2 - Haine Saint Paul,3,1,2,2,0,4,2,1,0,0,0,15,0,0,0,
10/08/2021,We Love Pizza Gembloux,0,1,1,2,0,0,2,0,0,0,0,6,0,0,0,
10/08/2021,[Sélection],3,2,3,4,0,4,4,1,0,0,0,21,0,0,0,
11/08/2021,We Love Pizza 2 - Haine Saint Paul,0,0,1,3,0,4,2,0,0,0,0,10,0,6,6,
11/08/2021,We Love Pizza Gembloux,0,2,1,3,0,1,0,1,0,0,0,8,3,8,8,
11/08/2021,[Sélection],0,2,2,6,0,5,2,1,0,0,0,18,3,14,14,
12/08/2021,We Love Pizza 2 - Haine Saint Paul,2,2,3,4,1,3,0,0,0,0,0,15,0,11,11,
12/08/2021,We Love Pizza Gembloux,3,0,0,0,1,8,2,1,0,0,0,15,3,0,0,
12/08/2021,[Sélection],5,2,3,4,2,11,2,1,0,0,0,30,3,11,11,
13/08/2021,We Love Pizza 2 - Haine Saint Paul,3,0,1,10,8,7,1,0,0,0,0,30,1,0,0,
13/08/2021,We Love Pizza Gembloux,3,0,0,5,3,5,2,0,0,0,0,18,0,5,5,
13/08/2021,[Sélection],6,0,1,15,11,12,3,0,0,0,0,48,1,5,5,
14/08/2021,We Love Pizza 2 - Haine Saint Paul,5,1,7,7,2,12,6,1,0,0,0,41,0,0,0,
14/08/2021,We Love Pizza Gembloux,0,0,2,1,1,3,0,0,0,0,0,7,0,0,0,
14/08/2021,[Sélection],5,1,9,8,3,15,6,1,0,0,0,48,0,0,0,
15/08/2021,We Love Pizza 2 - Haine Saint Paul,8,6,3,11,7,13,8,0,0,0,0,56,4,13,2,
15/08/2021,We Love Pizza Gembloux,3,1,3,1,2,2,2,1,0,0,0,15,4,2,2,
15/08/2021,[Sélection],11,7,6,12,9,15,10,1,0,0,0,71,8,15,4,
16/08/2021,We Love Pizza 2 - Haine Saint Paul,4,1,4,8,0,1,2,0,0,0,0,20,3,0,0,
16/08/2021,We Love Pizza Gembloux,2,0,1,1,0,6,3,1,0,0,0,14,1,0,0,
16/08/2021,[Sélection],6,1,5,9,0,7,5,1,0,0,0,34,4,0,0,
17/08/2021,We Love Pizza 2 - Haine Saint Paul,5,2,4,5,3,11,5,2,0,0,0,37,6,0,0,
17/08/2021,We Love Pizza Gembloux,1,3,1,4,0,1,1,1,0,0,0,12,1,7,4,
17/08/2021,[Sélection],6,5,5,9,3,12,6,3,0,0,0,49,7,7,4,
18/08/2021,We Love Pizza 2 - Haine Saint Paul,3,3,0,4,2,5,5,1,0,0,0,23,3,0,0,
18/08/2021,We Love Pizza Gembloux,0,1,2,0,1,6,0,1,0,0,0,11,2,0,0,
18/08/2021,[Sélection],3,4,2,4,3,11,5,2,0,0,0,34,5,0,0,
19/08/2021,We Love Pizza 2 - Haine Saint Paul,5,1,1,5,4,3,2,1,0,0,0,22,0,0,0,
19/08/2021,We Love Pizza Gembloux,2,2,3,1,1,0,1,1,0,0,0,11,2,0,0,
19/08/2021,[Sélection],7,3,4,6,5,3,3,2,0,0,0,33,2,0,0,
20/08/2021,We Love Pizza 2 - Haine Saint Paul,1,0,1,6,3,7,4,1,0,0,0,23,4,2,2,
20/08/2021,We Love Pizza Gembloux,2,1,2,3,1,3,2,0,0,0,0,14,2,0,0,
20/08/2021,[Sélection],3,1,3,9,4,10,6,1,0,0,0,37,6,2,2,
21/08/2021,We Love Pizza 2 - Haine Saint Paul,6,5,3,8,2,11,6,2,0,0,0,43,0,0,0,
21/08/2021,We Love Pizza Gembloux,2,0,0,7,1,10,2,0,0,0,0,22,0,0,0,
21/08/2021,[Sélection],8,5,3,15,3,21,8,2,0,0,0,65,0,0,0,
22/08/2021,We Love Pizza 2 - Haine Saint Paul,7,4,7,10,2,13,5,2,0,0,0,50,1,0,0,
22/08/2021,We Love Pizza Gembloux,3,4,1,2,4,5,3,0,0,0,0,22,3,0,0,
22/08/2021,[Sélection],10,8,8,12,6,18,8,2,0,0,0,72,4,0,0,
23/08/2021,We Love Pizza 2 - Haine Saint Paul,3,3,0,6,1,4,0,2,0,0,0,19,2,0,0,
23/08/2021,We Love Pizza Gembloux,1,0,0,4,1,4,2,0,0,0,0,12,4,0,0,
23/08/2021,[Sélection],4,3,0,10,2,8,2,2,0,0,0,31,6,0,0,
24/08/2021,We Love Pizza 2 - Haine Saint Paul,5,2,1,10,1,8,4,1,0,0,0,32,8,1,1,
24/08/2021,We Love Pizza Gembloux,4,0,3,1,1,1,1,0,0,0,0,11,2,0,0,
24/08/2021,[Sélection],9,2,4,11,2,9,5,1,0,0,0,43,10,1,1,
25/08/2021,We Love Pizza 2 - Haine Saint Paul,1,2,2,6,0,1,4,1,0,0,0,17,2,2,2,
25/08/2021,We Love Pizza Gembloux,0,4,1,3,2,7,2,0,0,0,0,19,6,6,6,
25/08/2021,[Sélection],1,6,3,9,2,8,6,1,0,0,0,36,8,8,8,
26/08/2021,We Love Pizza 2 - Haine Saint Paul,3,4,2,5,0,9,3,3,0,0,0,29,0,1,1,
26/08/2021,We Love Pizza Gembloux,3,0,4,5,0,2,2,2,0,0,0,18,4,0,0,
26/08/2021,[Sélection],6,4,6,10,0,11,5,5,0,0,0,47,4,1,1,
27/08/2021,We Love Pizza 2 - Haine Saint Paul,3,1,5,3,4,10,3,1,0,0,0,30,4,0,0,
27/08/2021,We Love Pizza Gembloux,5,1,0,1,0,0,2,1,0,0,0,10,3,0,0,
27/08/2021,[Sélection],8,2,5,4,4,10,5,2,0,0,0,40,7,0,0,
28/08/2021,We Love Pizza 2 - Haine Saint Paul,4,3,1,9,6,14,7,3,0,0,0,47,4,0,0,
28/08/2021,We Love Pizza Gembloux,4,3,1,3,4,6,4,3,0,0,0,28,5,0,0,
28/08/2021,[Sélection],8,6,2,12,10,20,11,6,0,0,0,75,9,0,0,
29/08/2021,We Love Pizza 2 - Haine Saint Paul,5,5,1,16,5,19,4,2,0,0,0,57,11,0,0,
29/08/2021,We Love Pizza Gembloux,2,2,2,2,2,4,2,0,0,0,0,16,4,0,0,
29/08/2021,[Sélection],7,7,3,18,7,23,6,2,0,0,0,73,15,0,0,
30/08/2021,We Love Pizza 2 - Haine Saint Paul,0,2,3,3,1,5,4,1,0,0,0,19,0,0,0,
30/08/2021,We Love Pizza Gembloux,0,2,0,0,2,3,3,0,0,0,0,10,0,3,3,
30/08/2021,[Sélection],0,4,3,3,3,8,7,1,0,0,0,29,0,3,3,
31/08/2021,We Love Pizza 2 - Haine Saint Paul,4,2,3,6,3,9,2,0,0,0,0,29,9,0,0,
31/08/2021,We Love Pizza Gembloux,0,1,0,3,0,3,1,0,0,0,0,8,0,11,11,
31/08/2021,[Sélection],4,3,3,9,3,12,3,0,0,0,0,37,9,11,11,
01/09/2021,We Love Pizza 2 - Haine Saint Paul,2,3,2,5,3,11,1,1,0,0,0,28,4,1,1,
01/09/2021,We Love Pizza Gembloux,4,4,3,5,1,4,1,0,0,0,0,22,8,0,0,
01/09/2021,[Sélection],6,7,5,10,4,15,2,1,0,0,0,50,12,1,1,
02/09/2021,We Love Pizza 2 - Haine Saint Paul,3,1,1,6,0,1,3,1,0,0,0,16,1,0,0,
02/09/2021,We Love Pizza Gembloux,2,0,2,1,2,4,5,1,0,0,0,17,2,4,4,
02/09/2021,[Sélection],5,1,3,7,2,5,8,2,0,0,0,33,3,4,4,
03/09/2021,We Love Pizza 2 - Haine Saint Paul,3,1,0,5,0,8,2,1,0,0,0,20,0,0,0,
03/09/2021,We Love Pizza Gembloux,4,1,1,0,0,2,1,1,0,0,0,10,0,0,0,
03/09/2021,[Sélection],7,2,1,5,0,10,3,2,0,0,0,30,0,0,0,
04/09/2021,We Love Pizza 2 - Haine Saint Paul,8,3,2,7,10,8,4,1,0,0,0,43,7,1,1,
04/09/2021,We Love Pizza Gembloux,1,2,3,6,1,3,3,2,0,0,0,21,0,1,1,
04/09/2021,[Sélection],9,5,5,13,11,11,7,3,0,0,0,64,7,2,2,
05/09/2021,We Love Pizza 2 - Haine Saint Paul,3,6,6,11,4,9,2,1,0,0,0,42,15,0,0,
05/09/2021,We Love Pizza Gembloux,4,2,4,3,1,2,2,1,0,0,0,19,0,0,0,
05/09/2021,[Sélection],7,8,10,14,5,11,4,2,0,0,0,61,15,0,0,
06/09/2021,We Love Pizza 2 - Haine Saint Paul,2,2,2,4,1,3,2,4,0,0,0,20,0,4,0,
06/09/2021,We Love Pizza Gembloux,3,1,0,4,0,2,1,0,0,0,0,11,0,6,6,
06/09/2021,[Sélection],5,3,2,8,1,5,3,4,0,0,0,31,0,10,6,
07/09/2021,We Love Pizza 2 - Haine Saint Paul,2,2,4,1,1,5,4,0,0,0,0,19,6,0,0,
07/09/2021,We Love Pizza Gembloux,0,1,1,2,1,0,1,0,0,0,0,6,0,0,0,
07/09/2021,[Sélection],2,3,5,3,2,5,5,0,0,0,0,25,6,0,0,
08/09/2021,We Love Pizza 2 - Haine Saint Paul,2,2,1,5,2,6,6,0,0,0,0,24,3,0,0,
08/09/2021,We Love Pizza Gembloux,1,0,0,1,0,0,1,1,0,0,0,4,1,4,4,
08/09/2021,[Sélection],3,2,1,6,2,6,7,1,0,0,0,28,4,4,4,
09/09/2021,We Love Pizza 2 - Haine Saint Paul,3,2,5,4,1,7,0,1,0,0,0,23,4,1,1,
09/09/2021,We Love Pizza Gembloux,1,1,2,3,0,2,0,0,0,0,0,9,0,0,0,
09/09/2021,[Sélection],4,3,7,7,1,9,0,1,0,0,0,32,4,1,1,
10/09/2021,We Love Pizza 2 - Haine Saint Paul,3,3,0,0,0,1,1,0,0,0,0,8,1,0,0,
10/09/2021,We Love Pizza Gembloux,2,0,0,6,1,5,2,1,0,0,0,17,5,7,7,
10/09/2021,[Sélection],5,3,0,6,1,6,3,1,0,0,0,25,6,7,7,
11/09/2021,We Love Pizza 2 - Haine Saint Paul,8,3,2,8,3,15,4,0,0,0,0,43,5,5,5,
11/09/2021,We Love Pizza Gembloux,3,3,4,2,3,5,3,1,0,0,0,24,5,0,0,
11/09/2021,[Sélection],11,6,6,10,6,20,7,1,0,0,0,67,10,5,5,
12/09/2021,We Love Pizza 2 - Haine Saint Paul,1,2,2,4,3,9,1,1,0,0,0,23,2,0,0,
12/09/2021,We Love Pizza Gembloux,3,0,2,3,2,3,4,1,0,0,0,18,3,0,0,
12/09/2021,[Sélection],4,2,4,7,5,12,5,2,0,0,0,41,5,0,0,
13/09/2021,We Love Pizza 2 - Haine Saint Paul,2,3,2,2,3,2,4,0,0,0,0,18,5,1,1,
13/09/2021,We Love Pizza Gembloux,2,0,3,5,1,1,1,1,0,0,0,14,0,0,0,
13/09/2021,[Sélection],4,3,5,7,4,3,5,1,0,0,0,32,5,1,1,
14/09/2021,We Love Pizza 2 - Haine Saint Paul,2,0,0,3,2,2,1,2,0,0,0,12,1,3,3,
14/09/2021,We Love Pizza Gembloux,3,0,0,6,1,7,5,2,0,0,0,24,8,0,0,
14/09/2021,[Sélection],5,0,0,9,3,9,6,4,0,0,0,36,9,3,3,
15/09/2021,We Love Pizza 2 - Haine Saint Paul,1,0,0,2,1,8,1,0,0,0,0,13,0,1,1,
15/09/2021,We Love Pizza Gembloux,2,0,2,2,1,1,1,1,0,0,0,10,2,1,1,
15/09/2021,[Sélection],3,0,2,4,2,9,2,1,0,0,0,23,2,2,2,
16/09/2021,We Love Pizza 2 - Haine Saint Paul,0,0,1,2,0,1,1,1,0,0,0,6,0,14,14,
16/09/2021,We Love Pizza Gembloux,2,0,1,3,2,1,1,0,0,0,0,10,4,0,0,
16/09/2021,[Sélection],2,0,2,5,2,2,2,1,0,0,0,16,4,14,14,
17/09/2021,We Love Pizza 2 - Haine Saint Paul,2,0,4,1,1,4,0,0,0,0,0,12,0,0,0,
17/09/2021,We Love Pizza Gembloux,1,0,0,1,1,2,2,0,0,0,0,7,1,0,0,
17/09/2021,[Sélection],3,0,4,2,2,6,2,0,0,0,0,19,1,0,0,
18/09/2021,We Love Pizza 2 - Haine Saint Paul,3,0,2,11,4,12,3,1,0,0,0,36,0,0,0,
18/09/2021,We Love Pizza Gembloux,2,0,3,0,1,1,1,3,0,0,0,11,1,0,0,
18/09/2021,[Sélection],5,0,5,11,5,13,4,4,0,0,0,47,1,0,0,
19/09/2021,We Love Pizza 2 - Haine Saint Paul,7,0,6,2,4,7,5,3,0,0,0,34,0,2,0,
19/09/2021,We Love Pizza Gembloux,2,0,2,3,0,4,2,0,0,0,0,13,0,2,2,
19/09/2021,[Sélection],9,0,8,5,4,11,7,3,0,0,0,47,0,4,2,
20/09/2021,We Love Pizza 2 - Haine Saint Paul,0,0,1,3,1,6,3,1,0,0,0,15,2,0,0,
20/09/2021,We Love Pizza Gembloux,1,0,1,2,0,3,0,1,0,0,0,8,2,0,0,
20/09/2021,[Sélection],1,0,2,5,1,9,3,2,0,0,0,23,4,0,0,
21/09/2021,We Love Pizza 2 - Haine Saint Paul,2,0,0,0,2,5,0,1,0,0,0,10,0,0,0,
21/09/2021,We Love Pizza Gembloux,0,0,1,2,0,1,0,0,0,0,0,4,0,0,0,
21/09/2021,[Sélection],2,0,1,2,2,6,0,1,0,0,0,14,0,0,0,
22/09/2021,We Love Pizza 2 - Haine Saint Paul,3,0,0,1,1,3,0,0,0,0,0,8,0,0,0,
22/09/2021,We Love Pizza Gembloux,4,0,1,1,2,2,2,2,0,0,0,14,3,9,9,
22/09/2021,[Sélection],7,0,1,2,3,5,2,2,0,0,0,22,3,9,9,
23/09/2021,We Love Pizza 2 - Haine Saint Paul,3,0,0,2,0,2,1,1,0,0,0,9,0,23,12,
23/09/2021,We Love Pizza Gembloux,1,2,1,0,0,4,0,1,0,0,0,9,2,0,0,
23/09/2021,[Sélection],4,2,1,2,0,6,1,2,0,0,0,18,2,23,12,
24/09/2021,We Love Pizza 2 - Haine Saint Paul,3,0,4,7,4,6,5,1,0,0,0,30,9,3,3,
24/09/2021,We Love Pizza Gembloux,1,1,1,7,0,2,3,0,0,0,0,15,3,4,4,
24/09/2021,[Sélection],4,1,5,14,4,8,8,1,0,0,0,45,12,7,7,
25/09/2021,We Love Pizza 2 - Haine Saint Paul,3,2,3,5,1,12,3,1,0,0,0,30,0,0,0,
25/09/2021,We Love Pizza Gembloux,4,2,3,2,1,11,4,1,0,0,0,28,0,0,0,
25/09/2021,[Sélection],7,4,6,7,2,23,7,2,0,0,0,58,0,0,0,
26/09/2021,We Love Pizza 2 - Haine Saint Paul,2,3,3,1,1,5,0,0,0,0,0,15,0,1,0,
26/09/2021,We Love Pizza Gembloux,4,1,1,3,2,2,1,0,0,0,0,14,8,0,0,
26/09/2021,[Sélection],6,4,4,4,3,7,1,0,0,0,0,29,8,1,0,
27/09/2021,We Love Pizza 2 - Haine Saint Paul,1,4,2,1,1,10,0,0,0,0,0,19,2,0,0,
27/09/2021,We Love Pizza Gembloux,0,2,1,6,0,2,0,0,0,0,0,11,5,0,0,
27/09/2021,[Sélection],1,6,3,7,1,12,0,0,0,0,0,30,7,0,0,
